[
  {
    "comments": [
      {
        "line": 1,
        "value": "# new feature"
      },
      {
        "line": 2,
        "value": "# Tags: optional"
      },
      {
        "line": 3,
        "value": "#\u003d\u003d\u003d\u003d\u003d\u003d\u003d\u003d\u003d\u003d\u003d\u003d\u003d\u003d\u003d\u003d\u003d\u003d\u003d\u003d\u003d\u003d\u003d\u003d\u003d\u003d\u003d\u003d\u003d\u003d\u003d\u003d\u003d\u003d\u003d\u003d\u003d\u003d\u003d\u003d\u003d\u003d\u003d\u003d\u003d\u003d\u003d\u003d\u003d\u003d\u003d\u003d\u003d\u003d\u003d\u003d\u003d\u003d\u003d\u003d\u003d\u003d\u003d\u003d"
      },
      {
        "line": 4,
        "value": "# Authors: Mehmet Ali Sultan"
      },
      {
        "line": 5,
        "value": "# Written On 05/04/2020"
      },
      {
        "line": 6,
        "value": "# Last Updated on 09/15/2020"
      },
      {
        "line": 7,
        "value": "# Feature File Status: No Accepted"
      },
      {
        "line": 8,
        "value": "# Step Definition: Not Implemented"
      },
      {
        "line": 9,
        "value": "# Automation: Not Complete"
      },
      {
        "line": 10,
        "value": "#"
      },
      {
        "line": 11,
        "value": "#\u003d\u003d\u003d\u003d\u003d\u003d\u003d\u003d\u003d\u003d\u003d\u003d\u003d\u003d\u003d\u003d\u003d\u003d\u003d\u003d\u003d\u003d\u003d\u003d\u003d\u003d\u003d\u003d\u003d\u003d\u003d\u003d\u003d\u003d\u003d\u003d\u003d\u003d\u003d\u003d\u003d\u003d\u003d\u003d\u003d\u003d\u003d\u003d\u003d\u003d\u003d\u003d\u003d\u003d\u003d\u003d\u003d\u003d\u003d\u003d\u003d\u003d\u003d\u003d"
      }
    ],
    "line": 13,
    "elements": [
      {
        "before": [
          {
            "result": {
              "duration": 2342910518,
              "status": "passed"
            },
            "match": {
              "location": "Hooks.beforeScenario()"
            }
          }
        ],
        "line": 15,
        "name": "As an Eternal user login to SBA connect",
        "description": "",
        "id": "external-user-login-sba-connect-successfully;as-an-eternal-user-login-to-sba-connect",
        "after": [
          {
            "result": {
              "duration": 128496133,
              "status": "passed"
            },
            "match": {
              "location": "Hooks.afterScenario(Scenario)"
            }
          }
        ],
        "type": "scenario",
        "keyword": "Scenario",
        "steps": [
          {
            "result": {
              "duration": 1262012271,
              "status": "passed"
            },
            "line": 16,
            "name": "user goes to SBA connect web",
            "match": {
              "location": "LoginToConnectSteps.user_goes_to_SBA_connect_web()"
            },
            "keyword": "Given "
          },
          {
            "result": {
              "duration": 217734210,
              "status": "passed"
            },
            "line": 17,
            "name": "user click for login for external user",
            "match": {
              "location": "LoginToConnectSteps.user_click_for_login_for_external_user()"
            },
            "keyword": "When "
          },
          {
            "result": {
              "duration": 2638588267,
              "status": "passed"
            },
            "line": 18,
            "name": "user click the \"Accept\" btn on term\u0026condt page",
            "match": {
              "arguments": [
                {
                  "val": "Accept",
                  "offset": 16
                }
              ],
              "location": "LoginToConnectSteps.user_click_the_btn_on_term_condt_page(String)"
            },
            "keyword": "And "
          },
          {
            "result": {
              "duration": 202952521,
              "status": "passed"
            },
            "line": 19,
            "name": "user enters valid email and password",
            "match": {
              "location": "LoginToConnectSteps.user_enters_valid_email_And_password()"
            },
            "keyword": "When "
          },
          {
            "result": {
              "duration": 1582636143,
              "status": "passed"
            },
            "line": 20,
            "name": "user click the \"sign in\"",
            "match": {
              "arguments": [
                {
                  "val": "sign in",
                  "offset": 16
                }
              ],
              "location": "LoginToConnectSteps.user_click_the(String)"
            },
            "keyword": "And "
          },
          {
            "result": {
              "duration": 702630826,
              "status": "passed"
            },
            "line": 21,
            "name": "user enters the otpCode and click Submit",
            "match": {
              "location": "LoginToConnectSteps.user_enters_the_otpCode_and_click_Submit()"
            },
            "keyword": "And "
          },
          {
            "result": {
              "duration": 2190906490,
              "status": "passed"
            },
            "line": 22,
            "name": "user navigates to the home page",
            "match": {
              "location": "LoginToConnectSteps.user_navigates_to_the_home_page()"
            },
            "keyword": "Then "
          },
          {
            "result": {
              "duration": 264933797,
              "status": "passed"
            },
            "comments": [
              {
                "line": 25,
                "value": "#@newDev"
              },
              {
                "line": 26,
                "value": "#Scenario: User request a role for SBIC Web  as an external user"
              },
              {
                "line": 27,
                "value": "#  Given user on sba connect home page"
              },
              {
                "line": 28,
                "value": "#  When user click request access link"
              },
              {
                "line": 29,
                "value": "#  And user click sbic web and select sbic agent"
              },
              {
                "line": 30,
                "value": "#  And user enter the ein number"
              },
              {
                "line": 31,
                "value": "#  And user click submit"
              },
              {
                "line": 32,
                "value": "#  And user click ok"
              },
              {
                "line": 33,
                "value": "#  Then user navigate back to request access page"
              },
              {
                "line": 35,
                "value": "#@newDev"
              },
              {
                "line": 36,
                "value": "#Scenario: User request a role for EDMIS  as an external user"
              }
            ],
            "line": 37,
            "name": "user click request access link",
            "match": {
              "location": "RequestAccessPageSteps.user_click_request_access_link()"
            },
            "keyword": "When "
          },
          {
            "result": {
              "duration": 238279339,
              "status": "passed"
            },
            "line": 38,
            "name": "user click EDMIS web",
            "match": {
              "location": "RequestAccessPageSteps.user_click_EDMIS_web()"
            },
            "keyword": "And "
          },
          {
            "result": {
              "duration": 142479157,
              "status": "passed"
            },
            "comments": [
              {
                "line": 39,
                "value": "#  And user select Resource Partner View checkbox"
              },
              {
                "line": 40,
                "value": "#  And user click WBC radio button"
              },
              {
                "line": 41,
                "value": "#  And user enter EIN"
              }
            ],
            "line": 42,
            "name": "user click SUBMIT REQUEST button",
            "match": {
              "location": "RequestAccessPageSteps.user_click_SUBMIT_REQUEST_button()"
            },
            "keyword": "And "
          },
          {
            "result": {
              "duration": 761997851,
              "status": "passed"
            },
            "line": 43,
            "name": "user click OK button",
            "match": {
              "location": "RequestAccessPageSteps.user_click_OK_button()"
            },
            "keyword": "And "
          },
          {
            "result": {
              "duration": 41336461,
              "status": "passed"
            },
            "line": 44,
            "name": "user navigate back to request access page",
            "match": {
              "location": "RequestAccessPageSteps.user_navigate_back_to_request_access_page()"
            },
            "keyword": "Then "
          }
        ]
      }
    ],
    "name": "External user login SBA Connect successfully",
    "description": "",
    "id": "external-user-login-sba-connect-successfully",
    "keyword": "Feature",
    "uri": "LoginExternal.feature",
    "tags": [
      {
        "line": 12,
        "name": "@dev"
      }
    ]
  }
]